{
    "LogisticRegression": {
        "accuracy": 0.9666666666666667,
        "precision": 0.9696969696969696,
        "recall": 0.9666666666666667,
        "f1_score": 0.9665831244778613
    },
    "DecisionTree": {
        "accuracy": 0.9666666666666667,
        "precision": 0.9696969696969696,
        "recall": 0.9666666666666667,
        "f1_score": 0.9665831244778613
    },
    "RandomForest": {
        "accuracy": 0.9333333333333333,
        "precision": 0.9333333333333333,
        "recall": 0.9333333333333333,
        "f1_score": 0.9333333333333333
    }
}